lat,lon,alt,date,device,os,version
40.7297477722,-73.9932937622,17.601266861,2014-09-08 17:44:32,"iPhone6,1",7.1.2,1.1
40.7297058105,-73.9933166504,17.601266861,2014-09-08 17:46:40,"iPhone6,1",7.1.2,1.1
40.7297439575,-73.9932937622,17.641374588,2014-09-08 17:46:40,"iPhone6,1",7.1.2,1.1
40.729801178,-73.9933166504,12.3196125031,2014-09-08 17:53:04,"iPhone6,1",7.1.2,1.1
40.729801178,-73.9933013916,15.7318267822,2014-09-08 19:18:24,"iPhone6,1",7.1.2,1.1
40.7297325134,-73.9936447144,14.4043874741,2014-09-08 21:17:52,"iPhone6,1",7.1.2,1.1
40.7297210693,-73.993522644,17.1784744263,2014-09-08 21:17:52,"iPhone6,1",7.1.2,1.1
40.7296905518,-73.9936218262,17.1784744263,2014-09-08 21:17:52,"iPhone6,1",7.1.2,1.1
40.7296562195,-73.993522644,17.5798225403,2014-09-08 21:17:52,"iPhone6,1",7.1.2,1.1
40.7137832642,-73.9945602417,22.1098060608,2014-09-09 02:03:44,"iPhone6,1",7.1.2,1.1
40.6868667603,-73.9787597656,17.671049118,2014-09-09 02:14:24,"iPhone6,1",7.1.2,1.1
40.690662384,-73.9673233032,32,2014-09-09 02:37:52,"iPhone6,1",7.1.2,1.1
40.6872253418,-73.9726867676,32,2014-09-09 03:09:52,"iPhone6,1",7.1.2,1.1
40.6949768066,-73.9737014771,32,2014-09-09 03:52:32,"iPhone6,1",7.1.2,1.1
40.6999931335,-73.9798812866,32,2014-09-09 14:24:00,"iPhone6,1",7.1.2,1.1
40.6887168884,-73.9677200317,32,2014-09-09 15:10:56,"iPhone6,1",7.1.2,1.1
40.6860046387,-73.9727249146,32,2014-09-09 16:40:32,"iPhone6,1",7.1.2,1.1
40.684551239,-73.9785842896,32.3190002441,2014-09-09 16:55:28,"iPhone6,1",7.1.2,1.1
40.700012207,-73.9864730835,31.808216095,2014-09-09 17:01:52,"iPhone6,1",7.1.2,1.1
40.7112197876,-73.9932479858,12.3931484222,2014-09-09 17:04:00,"iPhone6,1",7.1.2,1.1
40.7111053467,-73.992767334,3.13363647461,2014-09-09 17:04:00,"iPhone6,1",7.1.2,1.1
40.7119941711,-73.9932556152,6.10168457031,2014-09-09 17:04:00,"iPhone6,1",7.1.2,1.1
40.7102050781,-73.9936141968,12.4154539108,2014-09-09 17:04:00,"iPhone6,1",7.1.2,1.1
40.7129211426,-73.9937515259,9.22299194336,2014-09-09 17:06:08,"iPhone6,1",7.1.2,1.1
40.7137832642,-73.9942550659,10.3135070801,2014-09-09 17:06:08,"iPhone6,1",7.1.2,1.1
40.7142448425,-73.9945297241,10.997833252,2014-09-09 17:06:08,"iPhone6,1",7.1.2,1.1
40.7300834656,-73.992515564,11.874329567,2014-09-09 17:12:32,"iPhone6,1",7.1.2,1.1
40.7350006104,-73.9905090332,18.0780944824,2014-09-09 22:43:12,"iPhone6,1",7.1.2,1.1
40.6953163147,-73.9492492676,27,2014-09-09 23:13:04,"iPhone6,1",7.1.2,1.1
40.6978797913,-73.9508285522,27,2014-09-10 05:58:24,"iPhone6,1",7.1.2,1.1
40.6951179504,-73.9468307495,27,2014-09-10 05:58:24,"iPhone6,1",7.1.2,1.1
40.6950683594,-73.9468383789,27,2014-09-10 05:58:24,"iPhone6,1",7.1.2,1.1
40.6949310303,-73.9466171265,22.7523574829,2014-09-10 14:38:56,"iPhone6,1",7.1.2,1.1
40.690700531,-73.9516525269,23.3354187012,2014-09-10 14:47:28,"iPhone6,1",7.1.2,1.1
40.6861038208,-73.9525299072,32,2014-09-10 14:51:44,"iPhone6,1",7.1.2,1.1
40.6905632019,-73.9515991211,29.1099567413,2014-09-10 15:10:56,"iPhone6,1",7.1.2,1.1
40.6950492859,-73.9465942383,23.8400993347,2014-09-10 15:21:36,"iPhone6,1",7.1.2,1.1
40.6928138733,-73.9710540771,24.7487945557,2014-09-10 21:15:44,"iPhone6,1",7.1.2,1.1
40.687538147,-73.9923324585,26.0358333588,2014-09-10 21:22:08,"iPhone6,1",7.1.2,1.1
40.6953277588,-73.9491043091,27,2014-09-10 22:06:56,"iPhone6,1",7.1.2,1.1
40.7318725586,-73.9931488037,25.6393566132,2014-09-11 15:19:28,"iPhone6,1",7.1.2,1.1
40.7297134399,-73.9936523438,14.3581342697,2014-09-11 18:57:04,"iPhone6,1",7.1.2,1.1
40.7296104431,-73.9936523438,17.8221473694,2014-09-11 19:01:20,"iPhone6,1",7.1.2,1.1
40.7275695801,-73.9949569702,18.7187194824,2014-09-12 01:21:04,"iPhone6,1",7.1.2,1.1
40.7058944702,-73.9861221313,20.8180027008,2014-09-12 06:53:52,"iPhone6,1",7.1.2,1.1
40.6949386597,-73.9464569092,22.0392971039,2014-09-12 07:06:40,"iPhone6,1",7.1.2,1.1
40.733127594,-73.987411499,24.6918754578,2014-09-12 17:42:24,"iPhone6,1",7.1.2,1.1
40.7276916504,-73.9855728149,17.571937561,2014-09-12 17:53:04,"iPhone6,1",7.1.2,1.1
40.7297401428,-73.9914550781,17.4625415802,2014-09-12 18:20:48,"iPhone6,1",7.1.2,1.1
40.7264671326,-73.9955978394,17.9093894958,2014-09-12 22:30:24,"iPhone6,1",7.1.2,1.1
40.7210769653,-73.9962997437,15.7582416534,2014-09-12 23:19:28,"iPhone6,1",7.1.2,1.1
40.7042655945,-73.9896316528,15.2872982025,2014-09-13 00:27:44,"iPhone6,1",7.1.2,1.1
40.6834793091,-73.9790267944,18.8205184937,2014-09-13 00:38:24,"iPhone6,1",7.1.2,1.1
40.6891365051,-73.9680252075,32,2014-09-13 01:06:08,"iPhone6,1",7.1.2,1.1
40.687374115,-73.9737548828,36.1722984314,2014-09-13 15:49:20,"iPhone6,1",7.1.2,1.1
40.6952934265,-73.9492111206,22.9329090118,2014-09-13 16:53:20,"iPhone6,1",7.1.2,1.1
40.6879196167,-73.9677429199,32,2014-09-13 22:36:48,"iPhone6,1",7.1.2,1.1
40.6885147095,-73.978729248,33.9375648499,2014-09-13 23:30:08,"iPhone6,1",7.1.2,1.1
40.6607170105,-73.997718811,28.3050289154,2014-09-14 01:29:36,"iPhone6,1",7.1.2,1.1
40.6632728577,-73.9913787842,31.3292350769,2014-09-14 03:24:48,"iPhone6,1",7.1.2,1.1
40.6680030823,-73.9873123169,35.3677062988,2014-09-14 03:33:20,"iPhone6,1",7.1.2,1.1
40.6801948547,-73.9779663086,24.1527805328,2014-09-14 03:48:16,"iPhone6,1",7.1.2,1.1
40.6949043274,-73.9838638306,24.9342918396,2014-09-14 04:03:12,"iPhone6,1",7.1.2,1.1
40.7078285217,-73.9684753418,26.6857872009,2014-09-14 04:09:36,"iPhone6,1",7.1.2,1.1
40.7076072693,-73.9554367065,15,2014-09-14 04:16:00,"iPhone6,1",7.1.2,1.1
40.7115974426,-73.9594421387,15,2014-09-14 05:52:00,"iPhone6,1",7.1.2,1.1
40.7067832947,-73.9530639648,15.7941932678,2014-09-14 06:56:00,"iPhone6,1",7.1.2,1.1
40.695186615,-73.9467315674,22.3538227081,2014-09-14 07:06:40,"iPhone6,1",7.1.2,1.1
40.6938362122,-73.964302063,23.100069046,2014-09-14 19:18:24,"iPhone6,1",7.1.2,1.1
40.6920127869,-73.9726257324,29.0073890686,2014-09-14 19:24:48,"iPhone6,1",7.1.2,1.1
40.6875,-73.9723587036,33.5662078857,2014-09-14 19:33:20,"iPhone6,1",7.1.2,1.1
40.6904067993,-73.9671478271,33.3119239807,2014-09-14 19:41:52,"iPhone6,1",7.1.2,1.1
40.6826591492,-73.9628448486,35.0954017639,2014-09-14 20:03:12,"iPhone6,1",7.1.2,1.1
40.6843566895,-73.9693222046,32,2014-09-14 21:17:52,"iPhone6,1",7.1.2,1.1
40.6866378784,-73.9745101929,32.8159675598,2014-09-14 21:22:08,"iPhone6,1",7.1.2,1.1
40.6953697205,-73.9492950439,31.4511528015,2014-09-14 21:39:12,"iPhone6,1",7.1.2,1.1
40.6854400635,-73.9474563599,23.7213172913,2014-09-15 01:50:56,"iPhone6,1",7.1.2,1.1
40.6951141357,-73.9476394653,23.9450855255,2014-09-15 02:01:36,"iPhone6,1",7.1.2,1.1
40.7314949036,-73.9916534424,15,2014-09-15 14:58:08,"iPhone6,1",7.1.2,1.1
40.6956710815,-73.9468765259,21.1365947723,2014-09-15 21:28:32,"iPhone6,1",7.1.2,1.1
40.6967201233,-73.9606628418,23.1927814484,2014-09-15 21:52:00,"iPhone6,1",7.1.2,1.1
40.6948432922,-73.946395874,24.0078201294,2014-09-15 22:45:20,"iPhone6,1",7.1.2,1.1
40.6889457703,-73.9680557251,29.5883827209,2014-09-15 23:00:16,"iPhone6,1",7.1.2,1.1
40.6992912292,-73.9768218994,38.6976776123,2014-09-16 00:42:40,"iPhone6,1",7.1.2,1.1
40.688785553,-73.9679489136,44.1175079346,2014-09-16 00:44:48,"iPhone6,1",7.1.2,1.1
40.6887626648,-73.9678878784,39.9590492249,2014-09-16 00:53:20,"iPhone6,1",7.1.2,1.1
40.6913032532,-73.9644317627,41.4248008728,2014-09-16 02:05:52,"iPhone6,1",7.1.2,1.1
40.6872406006,-73.9743347168,35.7811012268,2014-09-16 14:49:36,"iPhone6,1",7.1.2,1.1
40.6954841614,-73.9479522705,22.3988437653,2014-09-16 15:13:04,"iPhone6,1",7.1.2,1.1
40.7345733643,-73.9909210205,15,2014-09-16 16:34:08,"iPhone6,1",7.1.2,1.1
40.7296943665,-73.993309021,16.3314704895,2014-09-16 16:40:32,"iPhone6,1",7.1.2,1.1
40.7341346741,-73.9909820557,17.1922187805,2014-09-16 22:43:12,"iPhone6,1",7.1.2,1.1
40.6955490112,-73.9495697021,28.4833946228,2014-09-16 23:00:16,"iPhone6,1",7.1.2,1.1
40.6865272522,-73.9907073975,32,2014-09-17 17:21:04,"iPhone6,1",7.1.2,1.1
40.6953735352,-73.948677063,25.2911624908,2014-09-17 19:56:48,"iPhone6,1",7.1.2,1.1
40.6952171326,-73.9468002319,25.0540542603,2014-09-18 14:21:52,"iPhone6,1",7.1.2,1.1
40.6877822876,-73.9678192139,25.2071552277,2014-09-19 00:57:36,"iPhone6,1",7.1.2,1.1
40.6988334656,-73.9775695801,41.9973602295,2014-09-19 02:50:40,"iPhone6,1",7.1.2,1.1
40.6914634705,-73.9642105103,41.9973602295,2014-09-19 03:44:00,"iPhone6,1",7.1.2,1.1
40.6977119446,-73.9756622314,41.9973602295,2014-09-19 04:13:52,"iPhone6,1",7.1.2,1.1
40.6832275391,-73.9722442627,41.9973602295,2014-09-19 05:11:28,"iPhone6,1",7.1.2,1.1
40.6888809204,-73.9678497314,40.4613456726,2014-09-19 05:52:00,"iPhone6,1",7.1.2,1.1
40.6887779236,-73.9679794312,74.9614868164,2014-09-19 14:13:20,"iPhone6,1",7.1.2,1.1
40.6894645691,-73.9685897827,74.9614868164,2014-09-19 14:17:36,"iPhone6,1",7.1.2,1.1
40.6876487732,-73.970993042,37.7890853882,2014-09-19 15:28:00,"iPhone6,1",7.1.2,1.1
40.6876983643,-73.9710464478,32.7456970215,2014-09-19 15:28:00,"iPhone6,1",7.1.2,1.1
40.6860771179,-73.9736175537,37.6318511963,2014-09-19 15:34:24,"iPhone6,1",7.1.2,1.1
40.6959953308,-73.9630966187,30.9855747223,2014-09-19 16:40:32,"iPhone6,1",7.1.2,1.1
40.6887931824,-73.9680175781,40.3575401306,2014-09-19 16:46:56,"iPhone6,1",7.1.2,1.1
40.6858100891,-73.9772033691,35.5067443848,2014-09-19 18:22:56,"iPhone6,1",7.1.2,1.1
40.7049369812,-73.9927597046,31.7292060852,2014-09-19 18:48:32,"iPhone6,1",7.1.2,1.1
40.7416152954,-73.9973602295,21.2832946777,2014-09-19 18:52:48,"iPhone6,1",7.1.2,1.1
40.7471961975,-73.9933166504,12.2120361328,2014-09-19 18:59:12,"iPhone6,1",7.1.2,1.1
40.7449150085,-73.9986343384,15.1357440948,2014-09-19 19:16:16,"iPhone6,1",7.1.2,1.1
40.7482566833,-74.0041656494,12.1259174347,2014-09-19 19:26:56,"iPhone6,1",7.1.2,1.1
40.7453308105,-73.9987030029,15.6002702713,2014-09-19 20:05:20,"iPhone6,1",7.1.2,1.1
40.6829299927,-73.9642410278,21.987701416,2014-09-19 20:39:28,"iPhone6,1",7.1.2,1.1
40.687702179,-73.9677658081,36.0092430115,2014-09-19 20:50:08,"iPhone6,1",7.1.2,1.1
40.6792221069,-73.9956130981,40.030128479,2014-09-20 00:34:08,"iPhone6,1",7.1.2,1.1
40.6799583435,-73.9895858765,38.4455337524,2014-09-20 00:44:48,"iPhone6,1",7.1.2,1.1
40.6953620911,-73.9491043091,21.8355178833,2014-09-20 04:33:04,"iPhone6,1",7.1.2,1.1
40.6879081726,-73.9678039551,23.034318924,2014-09-20 15:08:48,"iPhone6,1",7.1.2,1.1
40.6875648499,-73.9737930298,34.463306427,2014-09-20 16:25:36,"iPhone6,1",7.1.2,1.1
40.7036399841,-73.9804153442,32.1698875427,2014-09-20 17:04:00,"iPhone6,1",7.1.2,1.1
40.7796440125,-73.9558563232,32.1354484558,2014-09-20 17:12:32,"iPhone6,1",7.1.2,1.1
40.783367157,-73.959236145,37.4748497009,2014-09-20 17:44:32,"iPhone6,1",7.1.2,1.1
40.7785606384,-73.9648208618,33.5863647461,2014-09-20 18:22:56,"iPhone6,1",7.1.2,1.1
40.7734718323,-73.9667053223,33.4469642639,2014-09-20 18:29:20,"iPhone6,1",7.1.2,1.1
40.7659873962,-73.9726257324,30.1096878052,2014-09-20 18:42:08,"iPhone6,1",7.1.2,1.1
40.7731285095,-73.9623565674,36.7508049011,2014-09-20 19:14:08,"iPhone6,1",7.1.2,1.1
40.7612266541,-73.9782562256,28.1427459717,2014-09-20 19:26:56,"iPhone6,1",7.1.2,1.1
40.7672691345,-73.9825515747,34.9715232849,2014-09-20 19:33:20,"iPhone6,1",7.1.2,1.1
40.7435493469,-73.9999465942,34.9715232849,2014-09-20 19:46:08,"iPhone6,1",7.1.2,1.1
40.7280082703,-73.9971542358,34.9715232849,2014-09-20 20:01:04,"iPhone6,1",7.1.2,1.1
40.7011108398,-73.990196228,24.4549160004,2014-09-20 20:18:08,"iPhone6,1",7.1.2,1.1
40.702293396,-73.9959564209,10.5073366165,2014-09-20 21:09:20,"iPhone6,1",7.1.2,1.1
40.6977081299,-73.9977798462,26.4882659912,2014-09-20 21:26:24,"iPhone6,1",7.1.2,1.1
40.7033042908,-73.9943466187,14.9633731842,2014-09-20 22:53:52,"iPhone6,1",7.1.2,1.1
40.6879692078,-73.9676437378,25.9321269989,2014-09-20 23:19:28,"iPhone6,1",7.1.2,1.1
40.7014389038,-73.9784927368,41.7037467957,2014-09-21 01:42:24,"iPhone6,1",7.1.2,1.1
40.6885223389,-73.9678726196,38.5147247314,2014-09-21 01:53:04,"iPhone6,1",7.1.2,1.1
40.6953544617,-73.9490203857,37.5257034302,2014-09-21 02:08:00,"iPhone6,1",7.1.2,1.1
40.696346283,-73.9511032104,35.7873535156,2014-09-21 15:30:08,"iPhone6,1",7.1.2,1.1
40.7086334229,-73.953125,24.6946563721,2014-09-21 17:06:08,"iPhone6,1",7.1.2,1.1
40.6977539062,-73.9505996704,24.6946563721,2014-09-21 19:03:28,"iPhone6,1",7.1.2,1.1
40.6943817139,-73.9560394287,28.6593036652,2014-09-21 19:20:32,"iPhone6,1",7.1.2,1.1
40.693572998,-73.9640960693,28.2431354523,2014-09-21 19:26:56,"iPhone6,1",7.1.2,1.1
40.6943969727,-73.958190918,31.766330719,2014-09-21 19:50:24,"iPhone6,1",7.1.2,1.1
40.6952705383,-73.950553894,31.7711162567,2014-09-21 20:07:28,"iPhone6,1",7.1.2,1.1
40.7082862854,-73.953086853,24.1922245026,2014-09-22 04:07:28,"iPhone6,1",7.1.2,1.1
40.6950340271,-73.9466247559,23.3510189056,2014-09-22 05:15:44,"iPhone6,1",7.1.2,1.1
40.7332649231,-73.9912261963,18.2663631439,2014-09-22 14:51:44,"iPhone6,1",7.1.2,1.1
40.7297897339,-73.9933700562,15.6025104523,2014-09-22 17:23:12,"iPhone6,1",7.1.2,1.1
40.7205505371,-73.9937057495,19.0622062683,2014-09-22 22:51:44,"iPhone6,1",7.1.2,1.1
40.7036361694,-73.9888381958,10.6202516556,2014-09-22 22:53:52,"iPhone6,1",7.1.2,1.1
40.70362854,-73.9887619019,10.7672243118,2014-09-22 22:53:52,"iPhone6,1",7.1.2,1.1
40.70362854,-73.9887619019,10.7672243118,2014-09-22 22:56:00,"iPhone6,1",7.1.2,1.1
40.6864356995,-73.9785614014,23.9189872742,2014-09-22 23:04:32,"iPhone6,1",7.1.2,1.1
40.6875648499,-73.9721069336,33.458404541,2014-09-22 23:15:12,"iPhone6,1",7.1.2,1.1
40.7008132935,-73.9802017212,37.9921875,2014-09-22 23:36:32,"iPhone6,1",7.1.2,1.1
40.6887779236,-73.9677276611,36.3452339172,2014-09-23 00:04:16,"iPhone6,1",7.1.2,1.1
40.7006835938,-73.9800720215,36.3452339172,2014-09-23 00:23:28,"iPhone6,1",7.1.2,1.1
40.6918182373,-73.964881897,36.3452339172,2014-09-23 00:53:20,"iPhone6,1",7.1.2,1.1
40.700958252,-73.9803543091,36.3452339172,2014-09-23 01:12:32,"iPhone6,1",7.1.2,1.1
40.688873291,-73.9681091309,35.5550804138,2014-09-23 01:27:28,"iPhone6,1",7.1.2,1.1
40.7008857727,-73.9802780151,36.7250213623,2014-09-23 02:10:08,"iPhone6,1",7.1.2,1.1
40.6887207031,-73.9679794312,37.265537262,2014-09-23 02:25:04,"iPhone6,1",7.1.2,1.1
40.7012023926,-73.9806137085,37.265537262,2014-09-23 03:24:48,"iPhone6,1",7.1.2,1.1
40.6887779236,-73.9679946899,38.430355072,2014-09-23 04:13:52,"iPhone6,1",7.1.2,1.1
40.6971702576,-73.9762878418,38.430355072,2014-09-23 07:04:32,"iPhone6,1",7.1.2,1.1
40.6887397766,-73.967956543,37.4795837402,2014-09-23 07:34:24,"iPhone6,1",7.1.2,1.1
40.7007331848,-73.9801330566,37.1665344238,2014-09-23 08:53:20,"iPhone6,1",7.1.2,1.1
40.684337616,-73.9731140137,37.1665344238,2014-09-23 12:37:20,"iPhone6,1",7.1.2,1.1
40.6887512207,-73.9679336548,39.6180725098,2014-09-23 12:41:36,"iPhone6,1",7.1.2,1.1
40.6998443604,-73.980140686,45.1844482422,2014-09-23 13:13:36,"iPhone6,1",7.1.2,1.1
40.6887435913,-73.9680252075,38.8352661133,2014-09-23 13:30:40,"iPhone6,1",7.1.2,1.1
40.7001304626,-73.9797897339,37.9824447632,2014-09-23 13:39:12,"iPhone6,1",7.1.2,1.1
40.6887931824,-73.9677581787,37.8635826111,2014-09-23 13:45:36,"iPhone6,1",7.1.2,1.1
40.686000824,-73.9735565186,33.7289810181,2014-09-23 14:06:56,"iPhone6,1",7.1.2,1.1
40.7036132812,-73.9886932373,13.3970279694,2014-09-23 14:36:48,"iPhone6,1",7.1.2,1.1
40.715057373,-73.9956130981,15.0002765656,2014-09-23 14:43:12,"iPhone6,1",7.1.2,1.1
40.7297286987,-73.993309021,16.5211486816,2014-09-23 14:47:28,"iPhone6,1",7.1.2,1.1
40.7293624878,-73.9933319092,25.3524074554,2014-09-23 14:49:36,"iPhone6,1",7.1.2,1.1
40.6954193115,-73.9486312866,27,2014-09-24 06:06:56,"iPhone6,1",7.1.2,1.1
40.6949768066,-73.9461898804,21.3532733917,2014-09-24 06:11:12,"iPhone6,1",7.1.2,1.1
40.6950035095,-73.9462585449,21.9703655243,2014-09-24 06:11:12,"iPhone6,1",7.1.2,1.1
40.6949806213,-73.9462585449,22.3558311462,2014-09-24 06:11:12,"iPhone6,1",7.1.2,1.1
40.6951065063,-73.9467086792,24.1766986847,2014-09-24 07:34:24,"iPhone6,1",7.1.2,1.1
40.6955032349,-73.9475860596,24.1766986847,2014-09-24 08:08:32,"iPhone6,1",7.1.2,1.1
40.7347602844,-73.9906921387,22.6617412567,2014-09-24 18:42:08,"iPhone6,1",7.1.2,1.1
40.7294883728,-73.9934310913,18.6884937286,2014-09-24 18:50:40,"iPhone6,1",7.1.2,1.1
40.7260627747,-73.9895706177,18.868227005,2014-09-24 22:53:52,"iPhone6,1",7.1.2,1.1
40.7299499512,-73.9930725098,16.2503929138,2014-09-25 01:12:32,"iPhone6,1",7.1.2,1.1
40.7117271423,-74.009223938,17.1599349976,2014-09-25 01:27:28,"iPhone6,1",7.1.2,1.1
40.6902542114,-73.9816055298,32,2014-09-25 01:38:08,"iPhone6,1",7.1.2,1.1
40.6889381409,-73.9680023193,36.3228530884,2014-09-25 01:53:04,"iPhone6,1",7.1.2,1.1
40.7004165649,-73.9802627563,38.0892753601,2014-09-25 03:29:04,"iPhone6,1",7.1.2,1.1
40.6887550354,-73.9679641724,35.6879005432,2014-09-25 07:28:00,"iPhone6,1",7.1.2,1.1
40.6976089478,-73.9755783081,37.9928207397,2014-09-25 12:52:16,"iPhone6,1",7.1.2,1.1
40.6887168884,-73.9679031372,36.1609306335,2014-09-25 13:26:24,"iPhone6,1",7.1.2,1.1
40.7009849548,-73.9784088135,56.0661010742,2014-09-25 14:24:00,"iPhone6,1",7.1.2,1.1
40.6886367798,-73.9679412842,35.5559654236,2014-09-25 14:32:32,"iPhone6,1",7.1.2,1.1
40.7246513367,-73.9914703369,39.742225647,2014-09-25 15:08:48,"iPhone6,1",7.1.2,1.1
40.7306632996,-73.9953460693,15.4656152725,2014-09-25 15:15:12,"iPhone6,1",7.1.2,1.1
40.723903656,-73.9969100952,18.0514392853,2014-09-25 22:38:56,"iPhone6,1",7.1.2,1.1
40.7220039368,-73.9973373413,16.3368339539,2014-09-25 23:40:48,"iPhone6,1",7.1.2,1.1
40.7276306152,-73.9884643555,16.8707294464,2014-09-26 00:23:28,"iPhone6,1",7.1.2,1.1
40.7307510376,-73.9832229614,13.2449626923,2014-09-26 01:23:12,"iPhone6,1",7.1.2,1.1
40.7276306152,-73.9853363037,12.5922737122,2014-09-26 07:47:12,"iPhone6,1",7.1.2,1.1
40.727771759,-73.9853134155,12.7156848907,2014-09-26 08:04:16,"iPhone6,1",7.1.2,1.1
40.7291221619,-73.9889678955,16.3594818115,2014-09-26 08:14:56,"iPhone6,1",7.1.2,1.1
40.7334365845,-73.9872055054,17.7758541107,2014-09-26 08:27:44,"iPhone6,1",7.1.2,1.1
40.7334632874,-73.987159729,17.7194080353,2014-09-26 08:49:04,"iPhone6,1",7.1.2,1.1
40.6951637268,-73.946685791,23.6101570129,2014-10-01 12:56:32,"iPhone6,1",7.1.2,1.1
40.6954040527,-73.9468002319,28.5176696777,2014-10-01 12:58:40,"iPhone6,1",7.1.2,1.1
40.7336273193,-73.9869003296,26.1130313873,2014-10-01 14:51:44,"iPhone6,1",7.1.2,1.1
40.729763031,-73.9899673462,16.791852951,2014-10-01 14:58:08,"iPhone6,1",7.1.2,1.1
40.734413147,-73.990776062,17.1442222595,2014-10-02 02:14:24,"iPhone6,1",7.1.2,1.1
40.7006530762,-73.9545822144,17.1056079865,2014-10-02 02:31:28,"iPhone6,1",7.1.2,1.1
40.6951637268,-73.9467163086,23.5996704102,2014-10-02 02:35:44,"iPhone6,1",7.1.2,1.1
40.695148468,-73.9466705322,22.5417747498,2014-10-02 03:50:24,"iPhone6,1",7.1.2,1.1
40.7114295959,-73.9710845947,21.1113834381,2014-10-02 15:13:04,"iPhone6,1",7.1.2,1.1
40.7302398682,-73.9926300049,20.2878265381,2014-10-02 15:17:20,"iPhone6,1",7.1.2,1.1
40.7296180725,-73.9939498901,19.6965026855,2014-10-02 18:20:48,"iPhone6,1",7.1.2,1.1
40.7162246704,-74.006072998,16.90883255,2014-10-03 00:02:08,"iPhone6,1",7.1.2,1.1
40.6959609985,-73.9899291992,16.90883255,2014-10-03 00:12:48,"iPhone6,1",7.1.2,1.1
40.6898040771,-73.976852417,26.2137203217,2014-10-03 00:19:12,"iPhone6,1",7.1.2,1.1
40.6895637512,-73.9708709717,30.6326999664,2014-10-03 00:25:36,"iPhone6,1",7.1.2,1.1
40.6984672546,-73.975730896,31.735906601,2014-10-03 01:12:32,"iPhone6,1",7.1.2,1.1
40.6887702942,-73.9680099487,32,2014-10-03 01:29:36,"iPhone6,1",7.1.2,1.1
40.6976394653,-73.9752731323,32,2014-10-03 01:50:56,"iPhone6,1",7.1.2,1.1
40.6887588501,-73.9678039551,32,2014-10-03 02:57:04,"iPhone6,1",7.1.2,1.1
40.7000312805,-73.9769897461,37.2097434998,2014-10-03 04:07:28,"iPhone6,1",7.1.2,1.1
40.6887626648,-73.9679641724,42.1810379028,2014-10-03 04:16:00,"iPhone6,1",7.1.2,1.1
40.6997795105,-73.9767913818,41.7922286987,2014-10-03 12:45:52,"iPhone6,1",7.1.2,1.1
40.6888046265,-73.9680023193,42.2350578308,2014-10-03 12:54:24,"iPhone6,1",7.1.2,1.1
40.6998214722,-73.977142334,31.5062866211,2014-10-03 13:07:12,"iPhone6,1",7.1.2,1.1
40.6887207031,-73.967918396,27.4973144531,2014-10-03 13:11:28,"iPhone6,1",7.1.2,1.1
40.6932373047,-73.9680938721,33.5114898682,2014-10-03 14:51:44,"iPhone6,1",7.1.2,1.1
40.6943817139,-73.9581756592,32,2014-10-03 15:15:12,"iPhone6,1",7.1.2,1.1
40.6953315735,-73.9501266479,31.3102149963,2014-10-03 15:19:28,"iPhone6,1",7.1.2,1.1
40.6943893433,-73.9581756592,32,2014-10-03 20:18:08,"iPhone6,1",7.1.2,1.1
40.693359375,-73.9671096802,32,2014-10-03 20:22:24,"iPhone6,1",7.1.2,1.1
40.6865692139,-73.9682235718,32.5372467041,2014-10-03 20:50:08,"iPhone6,1",7.1.2,1.1
40.6798858643,-73.9680328369,32.1672058105,2014-10-03 20:56:32,"iPhone6,1",7.1.2,1.1
40.6751480103,-73.9709625244,34.5466842651,2014-10-03 21:00:48,"iPhone6,1",7.1.2,1.1
40.6692886353,-73.970703125,32.5876159668,2014-10-03 21:09:20,"iPhone6,1",7.1.2,1.1
40.6639633179,-73.971031189,44.6307373047,2014-10-03 21:20:00,"iPhone6,1",7.1.2,1.1
40.6597213745,-73.9641342163,32.4500732422,2014-10-03 21:26:24,"iPhone6,1",7.1.2,1.1
40.6629562378,-73.9760513306,32,2014-10-03 22:53:52,"iPhone6,1",7.1.2,1.1
40.6680717468,-73.9738311768,47.8751945496,2014-10-03 23:02:24,"iPhone6,1",7.1.2,1.1
40.6731147766,-73.9694595337,40.3364753723,2014-10-03 23:06:40,"iPhone6,1",7.1.2,1.1
40.6728363037,-73.9753723145,38.1819534302,2014-10-03 23:21:36,"iPhone6,1",7.1.2,1.1
40.6717910767,-73.977684021,32.0955505371,2014-10-04 00:10:40,"iPhone6,1",7.1.2,1.1
40.6718254089,-73.9774551392,28.1233520508,2014-10-04 00:10:40,"iPhone6,1",7.1.2,1.1
40.6642913818,-73.9838256836,32,2014-10-04 01:16:48,"iPhone6,1",7.1.2,1.1
40.6646766663,-73.9902267456,32,2014-10-04 01:36:00,"iPhone6,1",7.1.2,1.1
40.6606750488,-73.9943313599,31.1012210846,2014-10-04 03:35:28,"iPhone6,1",7.1.2,1.1
40.6674079895,-73.9877243042,31.9979724884,2014-10-04 05:22:08,"iPhone6,1",7.1.2,1.1
40.6870269775,-73.9762954712,32,2014-10-04 05:37:04,"iPhone6,1",7.1.2,1.1
40.6944389343,-73.9578857422,32,2014-10-04 05:52:00,"iPhone6,1",7.1.2,1.1
40.6952514648,-73.9466934204,21.9984340668,2014-10-04 06:13:20,"iPhone6,1",7.1.2,1.1
40.6949005127,-73.9469451904,32.7471313477,2014-10-04 16:36:16,"iPhone6,1",7.1.2,1.1
40.6951637268,-73.9480056763,32.7471313477,2014-10-04 16:40:32,"iPhone6,1",7.1.2,1.1
40.6949729919,-73.9467010498,23.4427604675,2014-10-04 16:40:32,"iPhone6,1",7.1.2,1.1
40.691204071,-73.9657058716,23.2352657318,2014-10-04 17:14:40,"iPhone6,1",7.1.2,1.1
40.6870574951,-73.9902420044,32,2014-10-04 17:27:28,"iPhone6,1",7.1.2,1.1
40.6879692078,-73.9912490845,32,2014-10-04 18:01:36,"iPhone6,1",7.1.2,1.1
40.6954154968,-73.9493484497,32.1430511475,2014-10-04 19:29:04,"iPhone6,1",7.1.2,1.1
40.6880912781,-73.9675445557,22.3839473724,2014-10-04 23:06:40,"iPhone6,1",7.1.2,1.1
40.7006034851,-73.9774551392,41.5442199707,2014-10-04 23:21:36,"iPhone6,1",7.1.2,1.1
40.6997642517,-73.9767913818,44.973815918,2014-10-04 23:30:08,"iPhone6,1",7.1.2,1.1
40.6886672974,-73.9679641724,42.5257034302,2014-10-04 23:30:08,"iPhone6,1",7.1.2,1.1
40.7006187439,-73.9795608521,47.69140625,2014-10-05 12:05:20,"iPhone6,1",7.1.2,1.1
40.6910591125,-73.9698257446,41.9194869995,2014-10-05 12:20:16,"iPhone6,1",7.1.2,1.1
40.6860237122,-73.9736022949,34.4380989075,2014-10-05 16:21:20,"iPhone6,1",7.1.2,1.1
40.6996231079,-73.9866714478,32.4689216614,2014-10-05 16:57:36,"iPhone6,1",7.1.2,1.1
40.7141036987,-73.9945297241,15.5662403107,2014-10-05 17:06:08,"iPhone6,1",7.1.2,1.1
40.7296142578,-73.9938735962,18.4545402527,2014-10-05 17:14:40,"iPhone6,1",7.1.2,1.1
40.7341117859,-73.9927062988,19.597076416,2014-10-05 21:07:12,"iPhone6,1",7.1.2,1.1
40.7296104431,-73.9934005737,17.1092357635,2014-10-05 22:00:32,"iPhone6,1",7.1.2,1.1
40.7338485718,-73.9909515381,18.1437797546,2014-10-06 00:34:08,"iPhone6,1",7.1.2,1.1
40.6953659058,-73.949005127,25.8893737793,2014-10-06 00:57:36,"iPhone6,1",7.1.2,1.1
40.7351493835,-73.9908370972,22.5118122101,2014-10-06 15:02:24,"iPhone6,1",7.1.2,1.1
40.7307777405,-73.9931793213,17.8660316467,2014-10-06 15:08:48,"iPhone6,1",7.1.2,1.1
40.7318305969,-73.9996185303,15.2509326935,2014-10-06 21:02:56,"iPhone6,1",7.1.2,1.1
40.7514228821,-73.9935836792,4.90379858017,2014-10-06 21:20:00,"iPhone6,1",7.1.2,1.1
40.734336853,-74.0015945435,23.1477813721,2014-10-06 22:04:48,"iPhone6,1",7.1.2,1.1
40.7304458618,-73.9981765747,15.3923301697,2014-10-06 22:11:12,"iPhone6,1",7.1.2,1.1
40.7295799255,-73.9935760498,19.5651473999,2014-10-07 00:23:28,"iPhone6,1",7.1.2,1.1
40.7295684814,-73.993522644,21.2626724243,2014-10-07 00:23:28,"iPhone6,1",7.1.2,1.1
40.7298698425,-73.9915390015,15.686425209,2014-10-07 02:01:36,"iPhone6,1",7.1.2,1.1
40.7349472046,-73.990737915,17.9609889984,2014-10-07 02:14:24,"iPhone6,1",7.1.2,1.1
40.6956977844,-73.9468765259,19.4645366669,2014-10-07 02:42:08,"iPhone6,1",7.1.2,1.1
40.7332229614,-73.9913024902,21.3193225861,2014-10-07 17:27:28,"iPhone6,1",7.1.2,1.1
40.6954269409,-73.949508667,20.5934295654,2014-10-08 05:45:36,"iPhone6,1",7.1.2,1.1
40.7353897095,-73.9901809692,18.8519992828,2014-10-08 15:34:24,"iPhone6,1",7.1.2,1.1
40.7306632996,-73.9925537109,17.7289676666,2014-10-08 15:40:48,"iPhone6,1",7.1.2,1.1
40.7058296204,-73.9332580566,19.4768314362,2014-10-08 18:59:12,"iPhone6,1",7.1.2,1.1
40.6953048706,-73.9496002197,28,2014-10-08 22:04:48,"iPhone6,1",7.1.2,1.1
40.6878356934,-73.9679412842,32,2014-10-08 23:40:48,"iPhone6,1",7.1.2,1.1
40.6971969604,-73.9758758545,41.5452919006,2014-10-09 00:40:32,"iPhone6,1",7.1.2,1.1
40.6887779236,-73.9679718018,41.8311576843,2014-10-09 02:10:08,"iPhone6,1",7.1.2,1.1
40.6998443604,-73.9785079956,45.1300354004,2014-10-09 11:16:16,"iPhone6,1",7.1.2,1.1
40.6917915344,-73.9707183838,41.6060142517,2014-10-09 11:31:12,"iPhone6,1",7.1.2,1.1
40.6874580383,-73.9725265503,36.6629486084,2014-10-09 14:21:52,"iPhone6,1",7.1.2,1.1
40.6859664917,-73.9783859253,31.4464950562,2014-10-09 14:43:12,"iPhone6,1",7.1.2,1.1
40.7151908875,-74.0000762939,31.4464950562,2014-10-09 15:08:48,"iPhone6,1",7.1.2,1.1
40.7293968201,-73.9933853149,18.423368454,2014-10-09 15:15:12,"iPhone6,1",7.1.2,1.1
40.727016449,-74.0000915527,18.7124538422,2014-10-10 02:46:24,"iPhone6,1",7.1.2,1.1
40.7272834778,-73.9999465942,10.1306190491,2014-10-10 03:26:56,"iPhone6,1",7.1.2,1.1
40.7174034119,-73.9858322144,15,2014-10-10 07:15:12,"iPhone6,1",7.1.2,1.1
40.695110321,-73.9466171265,22.3879718781,2014-10-10 07:28:00,"iPhone6,1",7.1.2,1.1
40.7437515259,-73.9475860596,24.7760486603,2014-10-10 19:39:44,"iPhone6,1",7.1.2,1.1
40.7565917969,-73.9209442139,18.443901062,2014-10-10 20:01:04,"iPhone6,1",7.1.2,1.1
40.7472114563,-73.9379043579,18.9253501892,2014-10-10 21:54:08,"iPhone6,1",7.1.2,1.1
40.7274436951,-73.9470367432,10.6870241165,2014-10-10 22:15:28,"iPhone6,1",7.1.2,1.1
40.6948776245,-73.946723938,23.3715515137,2014-10-10 22:21:52,"iPhone6,1",7.1.2,1.1
40.6886520386,-73.9679260254,42.7338600159,2014-10-10 23:15:12,"iPhone6,1",7.1.2,1.1
40.7006835938,-73.9792938232,42.7338600159,2014-10-10 23:36:32,"iPhone6,1",7.1.2,1.1
40.6988945007,-73.9624404907,42.7338600159,2014-10-10 23:45:04,"iPhone6,1",7.1.2,1.1
40.7010421753,-73.9794464111,42.7338600159,2014-10-11 00:23:28,"iPhone6,1",7.1.2,1.1
40.6888122559,-73.9679641724,42.2642669678,2014-10-11 00:38:24,"iPhone6,1",7.1.2,1.1
40.7006759644,-73.9792861938,42.2642669678,2014-10-11 00:57:36,"iPhone6,1",7.1.2,1.1
40.6887321472,-73.9679031372,42.1119613647,2014-10-11 01:04:00,"iPhone6,1",7.1.2,1.1
40.6962013245,-73.9750213623,42.1119613647,2014-10-11 01:31:44,"iPhone6,1",7.1.2,1.1
40.6887702942,-73.9679718018,41.7628250122,2014-10-11 01:46:40,"iPhone6,1",7.1.2,1.1
40.6999397278,-73.9783706665,41.3052978516,2014-10-11 03:18:24,"iPhone6,1",7.1.2,1.1
40.6888084412,-73.9679946899,44.812915802,2014-10-11 03:35:28,"iPhone6,1",7.1.2,1.1
40.6975669861,-73.9676589966,32,2014-10-11 14:15:28,"iPhone6,1",7.1.2,1.1
40.6991424561,-73.9608306885,31.2134361267,2014-10-11 14:24:00,"iPhone6,1",7.1.2,1.1
40.7198753357,-73.944519043,23.113571167,2014-10-11 14:30:24,"iPhone6,1",7.1.2,1.1
40.7425804138,-73.9029388428,20.2347316742,2014-10-11 14:36:48,"iPhone6,1",7.1.2,1.1
40.7891616821,-73.8359069824,22,2014-10-11 14:47:28,"iPhone6,1",7.1.2,1.1
40.853012085,-73.8247756958,22,2014-10-11 14:58:08,"iPhone6,1",7.1.2,1.1
40.8964538574,-73.797958374,16.7549915314,2014-10-11 15:04:32,"iPhone6,1",7.1.2,1.1
40.9474754333,-73.7383499146,28.4119205475,2014-10-11 15:13:04,"iPhone6,1",7.1.2,1.1
41.0011024475,-73.6497497559,16.2215423584,2014-10-11 15:17:20,"iPhone6,1",7.1.2,1.1
41.0438575745,-73.5722503662,18.0175552368,2014-10-11 15:25:52,"iPhone6,1",7.1.2,1.1
41.0490379333,-73.53956604,14.1037826538,2014-10-11 15:40:48,"iPhone6,1",7.1.2,1.1
41.0984649658,-73.4234542847,21.9707317352,2014-10-11 15:47:12,"iPhone6,1",7.1.2,1.1
41.126739502,-73.3151092529,10.6352157593,2014-10-11 16:04:16,"iPhone6,1",7.1.2,1.1
41.2229614258,-73.1932067871,10.0788640976,2014-10-11 16:12:48,"iPhone6,1",7.1.2,1.1
41.2297134399,-73.1616897583,26.9728050232,2014-10-11 16:27:44,"iPhone6,1",7.1.2,1.1
41.2797698975,-73.0483779907,33.1296730042,2014-10-11 16:42:40,"iPhone6,1",7.1.2,1.1
41.3651390076,-72.8931808472,32.2252922058,2014-10-11 17:14:40,"iPhone6,1",7.1.2,1.1
41.5524024963,-72.7428970337,32.2252922058,2014-10-11 17:29:36,"iPhone6,1",7.1.2,1.1
41.7062797546,-72.6567459106,72.3356933594,2014-10-11 17:40:16,"iPhone6,1",7.1.2,1.1
41.7554893494,-72.6611480713,15.3909769058,2014-10-11 17:44:32,"iPhone6,1",7.1.2,1.1
41.7865066528,-72.6624145508,15.3909769058,2014-10-11 17:48:48,"iPhone6,1",7.1.2,1.1
41.9113349915,-72.6306304932,15.3909769058,2014-10-11 17:55:12,"iPhone6,1",7.1.2,1.1
41.9665107727,-72.5964813232,15.3909769058,2014-10-11 17:59:28,"iPhone6,1",7.1.2,1.1
42.070941925,-72.587272644,30.4209518433,2014-10-11 18:03:44,"iPhone6,1",7.1.2,1.1
42.1689453125,-72.6294174194,34.3500823975,2014-10-11 18:14:24,"iPhone6,1",7.1.2,1.1
42.282283783,-72.6109466553,49.9377441406,2014-10-11 18:18:40,"iPhone6,1",7.1.2,1.1
42.3452911377,-72.6420516968,42.040802002,2014-10-11 18:25:04,"iPhone6,1",7.1.2,1.1
42.4257736206,-72.6230392456,57.6843261719,2014-10-11 18:29:20,"iPhone6,1",7.1.2,1.1
42.5074234009,-72.6206130981,80.2124023438,2014-10-11 18:35:44,"iPhone6,1",7.1.2,1.1
42.5886116028,-72.6200332642,67.030456543,2014-10-11 18:40:00,"iPhone6,1",7.1.2,1.1
42.655670166,-72.5522079468,117.852600098,2014-10-11 18:44:16,"iPhone6,1",7.1.2,1.1
42.7320137024,-72.5696411133,142.144836426,2014-10-11 18:50:40,"iPhone6,1",7.1.2,1.1
42.8154602051,-72.5690231323,135.033447266,2014-10-11 18:54:56,"iPhone6,1",7.1.2,1.1
42.8870391846,-72.5579223633,101.812866211,2014-10-11 18:59:12,"iPhone6,1",7.1.2,1.1
42.9586181641,-72.5308609009,88.1791381836,2014-10-11 19:05:36,"iPhone6,1",7.1.2,1.1
43.0173683167,-72.4729003906,177.229980469,2014-10-11 19:09:52,"iPhone6,1",7.1.2,1.1
43.1026687622,-72.4543533325,141.388549805,2014-10-11 19:14:08,"iPhone6,1",7.1.2,1.1
43.1716079712,-72.458404541,137.470703125,2014-10-11 19:20:32,"iPhone6,1",7.1.2,1.1
43.2041969299,-72.521156311,183.399658203,2014-10-11 19:24:48,"iPhone6,1",7.1.2,1.1
43.2462081909,-72.5718917847,180.449584961,2014-10-11 19:29:04,"iPhone6,1",7.1.2,1.1
43.2486000061,-72.6035995483,239.796020508,2014-10-11 19:35:28,"iPhone6,1",7.1.2,1.1
43.2109718323,-72.6449584961,385.984008789,2014-10-12 21:09:20,"iPhone6,1",7.1.2,1.1
43.2109069824,-72.6449203491,379,2014-10-13 14:36:48,"iPhone6,1",7.1.2,1.1
43.2255516052,-72.6389389038,376.339538574,2014-10-13 14:45:20,"iPhone6,1",7.1.2,1.1
43.2633705139,-72.5958023071,340.258850098,2014-10-13 14:56:00,"iPhone6,1",7.1.2,1.1
43.2562065125,-72.5801696777,229.750671387,2014-10-13 15:08:48,"iPhone6,1",7.1.2,1.1
43.2215690613,-72.4607009888,194.2709198,2014-10-13 15:38:40,"iPhone6,1",7.1.2,1.1
43.1764183044,-72.4685974121,169.279922485,2014-10-13 15:45:04,"iPhone6,1",7.1.2,1.1
43.0637207031,-72.4621658325,169.279922485,2014-10-13 16:00:00,"iPhone6,1",7.1.2,1.1
42.8989639282,-72.5390014648,123.434906006,2014-10-13 16:08:32,"iPhone6,1",7.1.2,1.1
42.8878898621,-72.5559082031,119.391242981,2014-10-13 16:17:04,"iPhone6,1",7.1.2,1.1
42.7198982239,-72.5440673828,116.392181396,2014-10-13 16:34:08,"iPhone6,1",7.1.2,1.1
42.6113014221,-72.5690307617,116.392181396,2014-10-13 16:46:56,"iPhone6,1",7.1.2,1.1
42.4564628601,-72.6133804321,116.392181396,2014-10-13 16:59:44,"iPhone6,1",7.1.2,1.1
42.2487678528,-72.6256027222,116.392181396,2014-10-13 17:06:08,"iPhone6,1",7.1.2,1.1
42.0390739441,-72.5866699219,102.600791931,2014-10-13 17:21:04,"iPhone6,1",7.1.2,1.1
41.8318023682,-72.6650772095,43.3642578125,2014-10-13 17:33:52,"iPhone6,1",7.1.2,1.1
41.749622345,-72.6600189209,17.0904369354,2014-10-13 17:42:24,"iPhone6,1",7.1.2,1.1
41.6528701782,-72.6725540161,15.2404060364,2014-10-13 17:53:04,"iPhone6,1",7.1.2,1.1
41.5107688904,-72.7916641235,15.2404060364,2014-10-13 17:59:28,"iPhone6,1",7.1.2,1.1
41.4450111389,-72.8443527222,12.4058847427,2014-10-13 18:03:44,"iPhone6,1",7.1.2,1.1
41.3838386536,-72.8954086304,24.7310600281,2014-10-13 18:08:00,"iPhone6,1",7.1.2,1.1
41.3592453003,-72.9392166138,29.0608215332,2014-10-13 18:14:24,"iPhone6,1",7.1.2,1.1
41.2830848694,-73.057762146,29.0608215332,2014-10-13 18:18:40,"iPhone6,1",7.1.2,1.1
41.238697052,-73.1281280518,40.2098350525,2014-10-13 18:22:56,"iPhone6,1",7.1.2,1.1
41.2321472168,-73.2178497314,84.3340454102,2014-10-13 18:29:20,"iPhone6,1",7.1.2,1.1
41.2012786865,-73.2961425781,84.3340454102,2014-10-13 18:50:40,"iPhone6,1",7.1.2,1.1
41.0942840576,-73.608833313,72.6762313843,2014-10-13 19:07:44,"iPhone6,1",7.1.2,1.1
41.0491752625,-73.6410217285,72.6762313843,2014-10-13 19:14:08,"iPhone6,1",7.1.2,1.1
41.0148353577,-73.7141876221,74.7976837158,2014-10-13 19:20:32,"iPhone6,1",7.1.2,1.1
40.9782485962,-73.7668685913,74.7976837158,2014-10-13 19:29:04,"iPhone6,1",7.1.2,1.1
40.9098892212,-73.8544616699,27.6250267029,2014-10-13 19:37:36,"iPhone6,1",7.1.2,1.1
40.8476638794,-73.8706665039,23.16796875,2014-10-13 19:44:00,"iPhone6,1",7.1.2,1.1
40.8200645447,-73.8910751343,16.2819919586,2014-10-13 19:50:24,"iPhone6,1",7.1.2,1.1
40.7933425903,-73.9255523682,14.5929203033,2014-10-13 19:56:48,"iPhone6,1",7.1.2,1.1
40.7387619019,-73.9256286621,17.2705688477,2014-10-13 20:05:20,"iPhone6,1",7.1.2,1.1
40.7092819214,-73.957244873,13.0637664795,2014-10-13 20:11:44,"iPhone6,1",7.1.2,1.1
40.6987762451,-73.9466934204,16.7280082703,2014-10-13 20:18:08,"iPhone6,1",7.1.2,1.1
40.691532135,-73.9574432373,22.9162464142,2014-10-13 20:48:00,"iPhone6,1",7.1.2,1.1
40.7008056641,-73.9483642578,22.3456497192,2014-10-13 21:54:08,"iPhone6,1",7.1.2,1.1
40.6952629089,-73.9467315674,21.7414550781,2014-10-13 22:13:20,"iPhone6,1",7.1.2,1.1
40.6950759888,-73.946723938,22.8329105377,2014-10-14 03:12:00,"iPhone6,1",7.1.2,1.1
40.6951026917,-73.946762085,22.657327652,2014-10-14 03:12:00,"iPhone6,1",7.1.2,1.1
40.7347984314,-73.9907608032,20.3398323059,2014-10-14 15:08:48,"iPhone6,1",7.1.2,1.1
40.7301216125,-73.9936447144,14.5925827026,2014-10-14 15:15:12,"iPhone6,1",7.1.2,1.1
40.6955566406,-73.9493637085,28,2014-10-15 00:08:32,"iPhone6,1",7.1.2,1.1
40.7343177795,-73.9882049561,20.4753913879,2014-10-15 15:19:28,"iPhone6,1",7.1.2,1.1
40.7302093506,-73.993637085,18.6434173584,2014-10-15 15:28:00,"iPhone6,1",7.1.2,1.1
40.7223052979,-73.9758453369,17.961971283,2014-10-16 04:20:16,"iPhone6,1",7.1.2,1.1
40.6949958801,-73.9477920532,23.7045650482,2014-10-16 04:26:40,"iPhone6,1",7.1.2,1.1
40.696849823,-73.9604415894,23.7045650482,2014-10-16 05:07:12,"iPhone6,1",7.1.2,1.1
40.6951141357,-73.9467773438,22.9555912018,2014-10-16 05:22:08,"iPhone6,1",7.1.2,1.1
40.7300300598,-73.9927215576,17.3498096466,2014-10-16 14:28:16,"iPhone6,1",7.1.2,1.1
40.6970748901,-73.9889373779,17.269739151,2014-10-16 23:49:20,"iPhone6,1",7.1.2,1.1
40.6897468567,-73.9780883789,19.1486206055,2014-10-16 23:55:44,"iPhone6,1",7.1.2,1.1
40.6895675659,-73.9710998535,26.090549469,2014-10-17 00:02:08,"iPhone6,1",7.1.2,1.1
40.7003440857,-73.9803466797,26.090549469,2014-10-17 00:08:32,"iPhone6,1",7.1.2,1.1
40.6887817383,-73.9679946899,41.9189987183,2014-10-17 00:12:48,"iPhone6,1",7.1.2,1.1
40.7002563477,-73.9805908203,41.4192466736,2014-10-17 00:44:48,"iPhone6,1",7.1.2,1.1
40.6887207031,-73.9679641724,41.6715736389,2014-10-17 01:33:52,"iPhone6,1",7.1.2,1.1
40.700378418,-73.9802322388,50.5028686523,2014-10-17 13:05:04,"iPhone6,1",7.1.2,1.1
40.688709259,-73.967956543,41.4118804932,2014-10-17 13:09:20,"iPhone6,1",7.1.2,1.1
40.6860427856,-73.9736099243,38.8711471558,2014-10-17 14:09:04,"iPhone6,1",7.1.2,1.1
40.6997947693,-73.9865875244,28.4909973145,2014-10-17 14:32:32,"iPhone6,1",7.1.2,1.1
40.7003517151,-73.9871063232,25.4931964874,2014-10-17 14:32:32,"iPhone6,1",7.1.2,1.1
40.7013015747,-73.9875946045,20.6042194366,2014-10-17 14:32:32,"iPhone6,1",7.1.2,1.1
40.7013702393,-73.987739563,20.0011882782,2014-10-17 14:32:32,"iPhone6,1",7.1.2,1.1
40.719871521,-73.9936752319,12.1841888428,2014-10-17 14:41:04,"iPhone6,1",7.1.2,1.1
40.7297973633,-73.9933242798,15.3081617355,2014-10-17 14:51:44,"iPhone6,1",7.1.2,1.1
40.7356452942,-74.032623291,15.7270908356,2014-10-17 20:48:00,"iPhone6,1",7.1.2,1.1
40.7253646851,-73.9962615967,19.1742401123,2014-10-17 20:54:24,"iPhone6,1",7.1.2,1.1
40.7298355103,-73.9934005737,16.296749115,2014-10-17 21:00:48,"iPhone6,1",7.1.2,1.1
40.6954345703,-73.9492492676,28,2014-10-18 01:16:48,"iPhone6,1",7.1.2,1.1
40.7347450256,-73.9905853271,18.6544475555,2014-10-18 14:19:44,"iPhone6,1",7.1.2,1.1
40.7303581238,-73.9935684204,19.575969696,2014-10-18 14:32:32,"iPhone6,1",7.1.2,1.1
40.713684082,-74.0087127686,17.058265686,2014-10-18 22:56:00,"iPhone6,1",7.1.2,1.1
40.6898422241,-73.9809951782,32,2014-10-18 23:08:48,"iPhone6,1",7.1.2,1.1
40.6898574829,-73.9750061035,32.2147598267,2014-10-18 23:15:12,"iPhone6,1",7.1.2,1.1
40.6894836426,-73.9682998657,34.9043884277,2014-10-18 23:21:36,"iPhone6,1",7.1.2,1.1
40.697933197,-73.9763793945,41.5419044495,2014-10-18 23:49:20,"iPhone6,1",7.1.2,1.1
40.6897201538,-73.9707489014,32,2014-10-19 00:12:48,"iPhone6,1",7.1.2,1.1
40.7002677917,-73.9801864624,33.1410064697,2014-10-19 01:21:04,"iPhone6,1",7.1.2,1.1
40.6915054321,-73.9661178589,42.1518630981,2014-10-19 01:57:20,"iPhone6,1",7.1.2,1.1
40.6946601868,-73.9555130005,40.3121604919,2014-10-19 02:46:24,"iPhone6,1",7.1.2,1.1
40.6952018738,-73.946762085,23.1185798645,2014-10-19 02:59:12,"iPhone6,1",7.1.2,1.1
40.7335128784,-73.9875259399,24.9280834198,2014-10-19 13:37:04,"iPhone6,1",7.1.2,1.1
40.7307319641,-73.9922027588,17.8170280457,2014-10-19 13:47:44,"iPhone6,1",7.1.2,1.1
40.7020645142,-73.9854278564,15.9404363632,2014-10-20 03:35:28,"iPhone6,1",7.1.2,1.1
40.688621521,-73.9803924561,31.7888565063,2014-10-20 03:39:44,"iPhone6,1",7.1.2,1.1
40.680683136,-73.9535903931,23.175994873,2014-10-20 03:44:00,"iPhone6,1",7.1.2,1.1
40.6964378357,-73.9498672485,26.4700012207,2014-10-20 03:52:32,"iPhone6,1",7.1.2,1.1
40.7316017151,-73.9917984009,25.2472515106,2014-10-20 13:13:36,"iPhone6,1",7.1.2,1.1
40.7298278809,-73.9933700562,14,2014-10-20 18:57:04,"iPhone6,1",7.1.2,1.1
40.7297897339,-73.993347168,14,2014-10-20 20:05:20,"iPhone6,1",7.1.2,1.1
40.7273139954,-73.993812561,18.1169681549,2014-10-20 20:13:52,"iPhone6,1",7.1.2,1.1
40.7148017883,-73.9989852905,15.6605024338,2014-10-20 21:30:40,"iPhone6,1",7.1.2,1.1
40.6933670044,-73.9902801514,32,2014-10-20 21:45:36,"iPhone6,1",7.1.2,1.1
40.6900749207,-73.9964447021,39.6448707581,2014-10-20 22:02:40,"iPhone6,1",7.1.2,1.1
40.68334198,-73.995513916,32,2014-10-20 23:30:08,"iPhone6,1",7.1.2,1.1
40.6804046631,-73.9896774292,32,2014-10-20 23:47:12,"iPhone6,1",7.1.2,1.1
40.6884880066,-73.9678878784,40.7646980286,2014-10-21 01:59:28,"iPhone6,1",7.1.2,1.1
40.7004470825,-73.9803161621,40.639831543,2014-10-21 02:05:52,"iPhone6,1",7.1.2,1.1
40.6887931824,-73.9679489136,42.1994056702,2014-10-21 03:26:56,"iPhone6,1",7.1.2,1.1
40.6982879639,-73.9796981812,39.3115539551,2014-10-21 13:28:32,"iPhone6,1",7.1.2,1.1
40.6888237,-73.9680252075,42.2859802246,2014-10-21 13:41:20,"iPhone6,1",7.1.2,1.1
40.6860046387,-73.9735641479,33,2014-10-21 14:13:20,"iPhone6,1",7.1.2,1.1
40.6969451904,-73.9947967529,33,2014-10-21 14:41:04,"iPhone6,1",7.1.2,1.1
40.7222747803,-73.998916626,33,2014-10-21 14:47:28,"iPhone6,1",7.1.2,1.1
40.729385376,-73.9935073853,20.9451217651,2014-10-21 14:53:52,"iPhone6,1",7.1.2,1.1
40.7219429016,-73.9774856567,17.275976181,2014-10-22 04:28:48,"iPhone6,1",7.1.2,1.1
40.6947441101,-73.9464263916,23.6758346558,2014-10-22 04:33:04,"iPhone6,1",7.1.2,1.1
40.7348823547,-73.9906768799,26.268737793,2014-10-22 15:02:24,"iPhone6,1",7.1.2,1.1
40.7306289673,-73.9926605225,13.5874023438,2014-10-22 15:08:48,"iPhone6,1",7.1.2,1.1
40.7127418518,-73.9943008423,17.232093811,2014-10-23 01:55:12,"iPhone6,1",7.1.2,1.1
40.6922035217,-73.9817657471,17.4563293457,2014-10-23 02:03:44,"iPhone6,1",7.1.2,1.1
40.6868972778,-73.9770050049,26.0652198792,2014-10-23 02:10:08,"iPhone6,1",7.1.2,1.1
40.6887321472,-73.9680786133,40.4875411987,2014-10-23 02:20:48,"iPhone6,1",7.1.2,1.1
40.6856880188,-73.9728469849,37.2998542786,2014-10-23 13:02:56,"iPhone6,1",7.1.2,1.1
40.6938400269,-73.9819946289,31.9380722046,2014-10-23 13:20:00,"iPhone6,1",7.1.2,1.1
40.7210998535,-73.9943161011,15,2014-10-23 13:28:32,"iPhone6,1",7.1.2,1.1
40.7295799255,-73.9935455322,16.9798641205,2014-10-23 13:34:56,"iPhone6,1",7.1.2,1.1
40.7339668274,-73.9909210205,15.8360710144,2014-10-24 05:15:44,"iPhone6,1",7.1.2,1.1
40.6949119568,-73.9472503662,23.452009201,2014-10-24 06:11:12,"iPhone6,1",7.1.2,1.1
40.7360572815,-73.9902267456,21.6628494263,2014-10-24 15:23:44,"iPhone6,1",7.1.2,1.1
40.7306900024,-73.992729187,17.2105484009,2014-10-24 15:30:08,"iPhone6,1",7.1.2,1.1
40.7140693665,-73.9947128296,16.5961418152,2014-10-24 19:14:08,"iPhone6,1",7.1.2,1.1
40.70104599,-73.9863433838,11.7114114761,2014-10-24 19:16:16,"iPhone6,1",7.1.2,1.1
40.7001266479,-73.9877853394,-153.334991455,2014-10-24 19:16:16,"iPhone6,1",7.1.2,1.1
40.7003631592,-73.9875869751,15.1648254395,2014-10-24 19:18:24,"iPhone6,1",7.1.2,1.1
40.684753418,-73.9747848511,15.2118225098,2014-10-24 19:29:04,"iPhone6,1",7.1.2,1.1
40.6755714417,-73.9713592529,23.764837265,2014-10-24 19:33:20,"iPhone6,1",7.1.2,1.1
40.6738243103,-73.9934768677,26.2311382294,2014-10-24 20:07:28,"iPhone6,1",7.1.2,1.1
40.6683387756,-73.9758300781,26.2311382294,2014-10-24 20:22:24,"iPhone6,1",7.1.2,1.1
40.671459198,-73.9707794189,26.5030574799,2014-10-24 20:41:36,"iPhone6,1",7.1.2,1.1
40.672958374,-73.9901351929,31.0005931854,2014-10-24 21:39:12,"iPhone6,1",7.1.2,1.1
40.6761703491,-73.971496582,32.8178024292,2014-10-24 21:58:24,"iPhone6,1",7.1.2,1.1
40.680141449,-73.9680328369,33,2014-10-24 22:02:40,"iPhone6,1",7.1.2,1.1
40.6835632324,-73.9760665894,32.9997825623,2014-10-24 23:00:16,"iPhone6,1",7.1.2,1.1
40.6935272217,-73.9895095825,25.881816864,2014-10-24 23:25:52,"iPhone6,1",7.1.2,1.1
40.7275314331,-73.989730835,25.881816864,2014-10-24 23:36:32,"iPhone6,1",7.1.2,1.1
40.7340049744,-73.9908447266,16.8093528748,2014-10-25 02:48:32,"iPhone6,1",7.1.2,1.1
40.6953659058,-73.9493255615,22.5974330902,2014-10-25 03:39:44,"iPhone6,1",7.1.2,1.1
40.7330627441,-73.9866027832,16.2740077972,2014-10-25 12:58:40,"iPhone6,1",7.1.2,1.1
40.7297134399,-73.9905929565,19.3597316742,2014-10-25 13:05:04,"iPhone6,1",7.1.2,1.1
40.7190933228,-73.9900283813,15,2014-10-26 07:49:20,"iPhone6,1",7.1.2,1.1
40.6946334839,-73.9524307251,33,2014-10-26 07:57:52,"iPhone6,1",7.1.2,1.1
40.6949577332,-73.9463272095,22.3828544617,2014-10-26 08:08:32,"iPhone6,1",7.1.2,1.1
40.7349967957,-73.9906997681,20.7022151947,2014-10-26 15:02:24,"iPhone6,1",7.1.2,1.1
40.7302970886,-73.993598938,18.6420173645,2014-10-26 15:13:04,"iPhone6,1",7.1.2,1.1
40.7143135071,-73.9946136475,15.1232118607,2014-10-26 21:56:16,"iPhone6,1",7.1.2,1.1
40.6885948181,-73.9799346924,33,2014-10-26 22:04:48,"iPhone6,1",7.1.2,1.1
40.689743042,-73.9740524292,33,2014-10-26 22:13:20,"iPhone6,1",7.1.2,1.1
40.688583374,-73.9679489136,41.3307609558,2014-10-26 22:19:44,"iPhone6,1",7.1.2,1.1
40.698551178,-73.9755401611,41.8188018799,2014-10-26 23:32:16,"iPhone6,1",7.1.2,1.1
40.6887550354,-73.9680709839,42.4600448608,2014-10-27 01:29:36,"iPhone6,1",7.1.2,1.1